[{"model": "management_app.company", "pk": 1, "fields": {"name": "Light IT", "weekly_hours_limit": 40}}, {"model": "management_app.company", "pk": 2, "fields": {"name": "Some another company", "weekly_hours_limit": 40}}, {"model": "management_app.manager", "pk": 1, "fields": {"company": 1, "name": "Man Managerov", "email": "kek@gmail.com"}}, {"model": "management_app.manager", "pk": 2, "fields": {"company": 2, "name": "Qwer Tyev", "email": "qwerty@gmail.com"}}, {"model": "management_app.employee", "pk": 1, "fields": {"name": "Lol Lolov"}}, {"model": "management_app.employee", "pk": 2, "fields": {"name": "Kek Kekov"}}, {"model": "management_app.job", "pk": 1, "fields": {"company": 1, "name": "Cleaner"}}, {"model": "management_app.job", "pk": 2, "fields": {"company": 1, "name": "Engineer"}}, {"model": "management_app.job", "pk": 3, "fields": {"company": 1, "name": "DevOps"}}, {"model": "management_app.workplace", "pk": 1, "fields": {"job": 1, "employee": 1, "status": "F"}}, {"model": "management_app.workplace", "pk": 2, "fields": {"job": 2, "employee": 2, "status": "A"}}, {"model": "management_app.workplace", "pk": 3, "fields": {"job": 1, "employee": 2, "status": "F"}}, {"model": "management_app.workplace", "pk": 4, "fields": {"job": 2, "employee": 1, "status": "F"}}, {"model": "management_app.workplace", "pk": 5, "fields": {"job": 3, "employee": 1, "status": "A"}}, {"model": "management_app.worktime", "pk": 2, "fields": {"workplace": 3, "date": "2019-12-13", "hours_worked": 8}}, {"model": "management_app.worktime", "pk": 3, "fields": {"workplace": 3, "date": "2019-12-11", "hours_worked": 6}}, {"model": "management_app.worktime", "pk": 4, "fields": {"workplace": 3, "date": "2019-12-14", "hours_worked": 12}}, {"model": "management_app.worktime", "pk": 5, "fields": {"workplace": 5, "date": "2019-12-10", "hours_worked": 4}}, {"model": "management_app.worktime", "pk": 6, "fields": {"workplace": 5, "date": "2019-12-11", "hours_worked": 12}}, {"model": "management_app.worktime", "pk": 7, "fields": {"workplace": 5, "date": "2019-12-15", "hours_worked": 50}}, {"model": "management_app.worktime", "pk": 9, "fields": {"workplace": 2, "date": "2019-12-15", "hours_worked": 2}}, {"model": "management_app.worktime", "pk": 10, "fields": {"workplace": 3, "date": "2019-12-15", "hours_worked": 60}}, {"model": "management_app.statistics", "pk": 4, "fields": {"workplace": 5, "hours_total": 16, "timestamp": "2019-12-13T23:40:00.141Z"}}, {"model": "management_app.statistics", "pk": 5, "fields": {"workplace": 2, "hours_total": 2, "timestamp": "2019-12-17T01:03:07.269Z"}}, {"model": "management_app.statistics", "pk": 6, "fields": {"workplace": 2, "hours_total": 2, "timestamp": "2019-12-17T01:03:07.270Z"}}, {"model": "management_app.statistics", "pk": 7, "fields": {"workplace": 2, "hours_total": 2, "timestamp": "2019-12-17T01:03:07.271Z"}}, {"model": "management_app.statistics", "pk": 8, "fields": {"workplace": 2, "hours_total": 2, "timestamp": "2019-12-17T01:03:07.700Z"}}, {"model": "management_app.statistics", "pk": 9, "fields": {"workplace": 2, "hours_total": 2, "timestamp": "2019-12-17T01:03:07.800Z"}}, {"model": "management_app.statistics", "pk": 10, "fields": {"workplace": 2, "hours_total": 2, "timestamp": "2019-12-17T01:03:07.923Z"}}, {"model": "management_app.statistics", "pk": 11, "fields": {"workplace": 2, "hours_total": 2, "timestamp": "2019-12-17T01:03:07.991Z"}}, {"model": "management_app.statistics", "pk": 12, "fields": {"workplace": 2, "hours_total": 2, "timestamp": "2019-12-17T01:03:08.055Z"}}, {"model": "management_app.statistics", "pk": 13, "fields": {"workplace": 2, "hours_total": 2, "timestamp": "2019-12-17T01:03:07.700Z"}}, {"model": "management_app.statistics", "pk": 14, "fields": {"workplace": 2, "hours_total": 2, "timestamp": "2019-12-17T01:03:08.296Z"}}, {"model": "management_app.statistics", "pk": 15, "fields": {"workplace": 2, "hours_total": 2, "timestamp": "2019-12-17T01:03:08.130Z"}}, {"model": "management_app.statistics", "pk": 16, "fields": {"workplace": 2, "hours_total": 2, "timestamp": "2019-12-17T01:03:07.700Z"}}, {"model": "management_app.statistics", "pk": 17, "fields": {"workplace": 2, "hours_total": 2, "timestamp": "2019-12-17T01:03:08.492Z"}}, {"model": "management_app.statistics", "pk": 18, "fields": {"workplace": 2, "hours_total": 2, "timestamp": "2019-12-17T01:03:08.492Z"}}, {"model": "management_app.statistics", "pk": 19, "fields": {"workplace": 2, "hours_total": 2, "timestamp": "2019-12-17T01:03:08.638Z"}}, {"model": "management_app.statistics", "pk": 20, "fields": {"workplace": 2, "hours_total": 2, "timestamp": "2019-12-17T01:03:07.272Z"}}, {"model": "management_app.statistics", "pk": 21, "fields": {"workplace": 2, "hours_total": 2, "timestamp": "2019-12-17T01:03:08.759Z"}}, {"model": "management_app.statistics", "pk": 22, "fields": {"workplace": 2, "hours_total": 2, "timestamp": "2019-12-17T01:03:08.817Z"}}, {"model": "management_app.statistics", "pk": 23, "fields": {"workplace": 2, "hours_total": 2, "timestamp": "2019-12-17T01:03:16.143Z"}}, {"model": "management_app.statistics", "pk": 24, "fields": {"workplace": 2, "hours_total": 2, "timestamp": "2019-12-17T01:03:26.142Z"}}, {"model": "management_app.statistics", "pk": 25, "fields": {"workplace": 2, "hours_total": 2, "timestamp": "2019-12-17T01:03:36.146Z"}}, {"model": "management_app.statistics", "pk": 26, "fields": {"workplace": 2, "hours_total": 2, "timestamp": "2019-12-17T01:03:46.147Z"}}, {"model": "management_app.statistics", "pk": 27, "fields": {"workplace": 2, "hours_total": 2, "timestamp": "2019-12-17T01:19:39.200Z"}}, {"model": "management_app.statistics", "pk": 28, "fields": {"workplace": 2, "hours_total": 2, "timestamp": "2019-12-17T01:19:51.134Z"}}, {"model": "management_app.statistics", "pk": 29, "fields": {"workplace": 2, "hours_total": 2, "timestamp": "2019-12-17T01:20:00.022Z"}}, {"model": "management_app.statistics", "pk": 30, "fields": {"workplace": 2, "hours_total": 2, "timestamp": "2019-12-17T01:20:09.982Z"}}, {"model": "management_app.statistics", "pk": 31, "fields": {"workplace": 2, "hours_total": 2, "timestamp": "2019-12-17T01:20:19.985Z"}}, {"model": "management_app.statistics", "pk": 32, "fields": {"workplace": 2, "hours_total": 2, "timestamp": "2019-12-17T01:20:29.988Z"}}, {"model": "management_app.statistics", "pk": 33, "fields": {"workplace": 2, "hours_total": 2, "timestamp": "2019-12-17T01:20:39.982Z"}}, {"model": "management_app.statistics", "pk": 34, "fields": {"workplace": 2, "hours_total": 2, "timestamp": "2019-12-17T01:20:49.985Z"}}, {"model": "management_app.statistics", "pk": 35, "fields": {"workplace": 2, "hours_total": 2, "timestamp": "2019-12-17T01:20:59.988Z"}}, {"model": "management_app.statistics", "pk": 36, "fields": {"workplace": 2, "hours_total": 2, "timestamp": "2019-12-17T01:21:09.990Z"}}, {"model": "management_app.statistics", "pk": 37, "fields": {"workplace": 2, "hours_total": 2, "timestamp": "2019-12-17T01:24:14.703Z"}}, {"model": "management_app.statistics", "pk": 38, "fields": {"workplace": 5, "hours_total": 66, "timestamp": "2019-12-17T01:24:14.799Z"}}, {"model": "management_app.statistics", "pk": 39, "fields": {"workplace": 2, "hours_total": 2, "timestamp": "2019-12-17T01:29:05.127Z"}}, {"model": "management_app.statistics", "pk": 40, "fields": {"workplace": 2, "hours_total": 2, "timestamp": "2019-12-17T01:29:13.776Z"}}, {"model": "management_app.statistics", "pk": 41, "fields": {"workplace": 2, "hours_total": 2, "timestamp": "2019-12-17T01:29:23.742Z"}}, {"model": "management_app.statistics", "pk": 42, "fields": {"workplace": 2, "hours_total": 2, "timestamp": "2019-12-17T01:29:33.746Z"}}, {"model": "management_app.statistics", "pk": 43, "fields": {"workplace": 2, "hours_total": 2, "timestamp": "2019-12-17T01:29:43.744Z"}}, {"model": "management_app.statistics", "pk": 44, "fields": {"workplace": 2, "hours_total": 2, "timestamp": "2019-12-17T01:29:53.743Z"}}, {"model": "management_app.statistics", "pk": 45, "fields": {"workplace": 2, "hours_total": 2, "timestamp": "2019-12-17T01:33:04.608Z"}}, {"model": "management_app.statistics", "pk": 46, "fields": {"workplace": 2, "hours_total": 2, "timestamp": "2019-12-17T01:33:13.265Z"}}, {"model": "management_app.statistics", "pk": 47, "fields": {"workplace": 2, "hours_total": 2, "timestamp": "2019-12-17T01:33:23.231Z"}}, {"model": "management_app.statistics", "pk": 48, "fields": {"workplace": 2, "hours_total": 2, "timestamp": "2019-12-17T01:33:33.231Z"}}, {"model": "management_app.statistics", "pk": 49, "fields": {"workplace": 2, "hours_total": 2, "timestamp": "2019-12-17T01:48:28.093Z"}}, {"model": "management_app.statistics", "pk": 50, "fields": {"workplace": 2, "hours_total": 2, "timestamp": "2019-12-17T01:48:28.197Z"}}, {"model": "management_app.statistics", "pk": 51, "fields": {"workplace": 2, "hours_total": 2, "timestamp": "2019-12-17T01:48:28.257Z"}}, {"model": "management_app.statistics", "pk": 52, "fields": {"workplace": 2, "hours_total": 2, "timestamp": "2019-12-17T01:48:28.325Z"}}, {"model": "management_app.statistics", "pk": 53, "fields": {"workplace": 2, "hours_total": 2, "timestamp": "2019-12-17T01:48:28.377Z"}}, {"model": "management_app.statistics", "pk": 54, "fields": {"workplace": 2, "hours_total": 2, "timestamp": "2019-12-17T01:48:28.443Z"}}, {"model": "management_app.statistics", "pk": 55, "fields": {"workplace": 2, "hours_total": 2, "timestamp": "2019-12-17T01:48:28.534Z"}}, {"model": "management_app.statistics", "pk": 56, "fields": {"workplace": 2, "hours_total": 2, "timestamp": "2019-12-17T01:51:26.894Z"}}, {"model": "management_app.statistics", "pk": 57, "fields": {"workplace": 2, "hours_total": 2, "timestamp": "2019-12-17T01:53:13.761Z"}}, {"model": "management_app.statistics", "pk": 58, "fields": {"workplace": 2, "hours_total": 2, "timestamp": "2019-12-17T01:53:19.969Z"}}, {"model": "management_app.statistics", "pk": 59, "fields": {"workplace": 2, "hours_total": 2, "timestamp": "2019-12-17T01:53:20.773Z"}}, {"model": "management_app.statistics", "pk": 60, "fields": {"workplace": 2, "hours_total": 2, "timestamp": "2019-12-17T01:53:30.935Z"}}, {"model": "management_app.statistics", "pk": 61, "fields": {"workplace": 2, "hours_total": 2, "timestamp": "2019-12-17T01:53:49.999Z"}}, {"model": "management_app.statistics", "pk": 62, "fields": {"workplace": 2, "hours_total": 2, "timestamp": "2019-12-17T01:54:26.571Z"}}, {"model": "management_app.statistics", "pk": 63, "fields": {"workplace": 2, "hours_total": 2, "timestamp": "2019-12-17T01:56:19.453Z"}}, {"model": "management_app.statistics", "pk": 64, "fields": {"workplace": 2, "hours_total": 2, "timestamp": "2019-12-17T01:56:28.952Z"}}, {"model": "management_app.statistics", "pk": 65, "fields": {"workplace": 2, "hours_total": 2, "timestamp": "2019-12-17T01:57:07.449Z"}}, {"model": "management_app.statistics", "pk": 66, "fields": {"workplace": 5, "hours_total": 66, "timestamp": "2019-12-17T01:57:07.518Z"}}, {"model": "management_app.statistics", "pk": 67, "fields": {"workplace": 2, "hours_total": 2, "timestamp": "2019-12-17T01:58:16.046Z"}}, {"model": "management_app.statistics", "pk": 68, "fields": {"workplace": 2, "hours_total": 2, "timestamp": "2019-12-17T01:58:24.681Z"}}, {"model": "management_app.statistics", "pk": 69, "fields": {"workplace": 2, "hours_total": 2, "timestamp": "2019-12-17T01:58:34.640Z"}}, {"model": "management_app.statistics", "pk": 70, "fields": {"workplace": 2, "hours_total": 2, "timestamp": "2019-12-17T01:59:58.397Z"}}, {"model": "management_app.statistics", "pk": 71, "fields": {"workplace": 2, "hours_total": 2, "timestamp": "2019-12-17T02:00:06.814Z"}}, {"model": "management_app.statistics", "pk": 72, "fields": {"workplace": 2, "hours_total": 2, "timestamp": "2019-12-17T02:00:16.777Z"}}, {"model": "management_app.statistics", "pk": 73, "fields": {"workplace": 2, "hours_total": 2, "timestamp": "2019-12-17T02:08:46.297Z"}}, {"model": "management_app.statistics", "pk": 74, "fields": {"workplace": 2, "hours_total": 2, "timestamp": "2019-12-17T02:08:54.877Z"}}, {"model": "management_app.statistics", "pk": 75, "fields": {"workplace": 2, "hours_total": 2, "timestamp": "2019-12-17T02:09:04.835Z"}}]